spearman,pearson,rmse,mae,n,config,benchmark,seed
0.458151210139831,0.424040320753773,1.6908779198115098,1.213541737706115,669,E2,s669,42
0.47942770782217414,0.4464309694237895,1.654098496491443,1.1868023194834836,669,E2,s669,43
0.47156673360955353,0.4419601013876531,1.660209182174109,1.2021729682247824,669,E2,s669,44
0.6479505392644396,0.6300650175994479,1.171808731785138,0.8834909019656398,461,E2,s461,42
0.6607785689219308,0.6432550490299258,1.1469933693760894,0.8590792863909559,461,E2,s461,43
0.6608768032366954,0.6449626534848626,1.1475412442150101,0.8722421468842629,461,E2,s461,44
0.6362156704336037,0.6344202921786615,1.6145041073669575,1.2117730460366374,783,E2,s783,42
0.6443905167570003,0.637771731925819,1.606350169953681,1.180344682886226,783,E2,s783,43
0.647796435036926,0.6288706462636041,1.6178787134195796,1.2070655415255676,783,E2,s783,44
0.5834255382943737,0.567119091574665,1.4173756069356236,1.0661756906368605,2648,E2,s2648,42
0.5710763201801884,0.5528678624334354,1.4573360458476006,1.088006802862707,2648,E2,s2648,43
0.5841831681808601,0.5685330481074511,1.4198733609126053,1.0666031497833108,2648,E2,s2648,44
0.5680042471594334,0.5199341344629529,1.8374937327380463,1.2811309376888678,8228,E2,s8754,42
0.5614666680384327,0.5187756603446063,1.8400823045630146,1.2716508396713806,8228,E2,s8754,43
0.5653818514117432,0.5043021985984952,1.8685300086163414,1.2976934363019714,8228,E2,s8754,44
0.3980878119940911,0.3537789094751026,8.912837570261795,5.984416712238576,571,E2,s571,42
0.39758148655080117,0.3549306848637489,8.902999841156745,5.9683115008220256,571,E2,s571,43
0.38253910949506487,0.35498774170467734,8.910483765616638,5.9914451018595605,571,E2,s571,44
0.4966229742680918,0.454628711783366,7.5300123929330836,4.698128452854929,3969,E2,s4346,42
0.4827788099144762,0.4454661777457821,7.565205512746805,4.739402908270554,3969,E2,s4346,43
0.4933552432055609,0.44954768252891075,7.561256569551804,4.721202544654931,3969,E2,s4346,44
0.5125014012892641,0.5068902320451885,1.4688655669947137,1.093195256041853,342,E2,ssym_direct,42
0.49497725430464784,0.47481757643673334,1.5468459419172873,1.1134433678585536,342,E2,ssym_direct,43
0.5137805196775705,0.509212093837938,1.4694348007155984,1.0711983398735871,342,E2,ssym_direct,44
0.35529557573982656,0.3663321815946312,1.8300778127158086,1.3521922563818114,342,E2,ssym_inverse,42
0.3856275614041169,0.41796598808021207,1.845179600187119,1.3690432236578904,342,E2,ssym_inverse,43
0.33064782714563573,0.34131532827232036,1.835132585812428,1.3170821064244411,342,E2,ssym_inverse,44
0.5392061870019158,0.5244269806841232,1.7355554042135894,1.2657448078275935,2578,E2,fireport_hf,42
0.5214119884045059,0.5104882207341302,1.765319705278267,1.2831114151253515,2578,E2,fireport_hf,43
0.5350600340297142,0.5091041258067185,1.7601465320663428,1.2699547988002076,2578,E2,fireport_hf,44
0.6655581522098636,0.6755743936874111,1.3306829803032456,1.0414987508944276,28172,E2,megascale_test,42
0.6634231875399303,0.6716090127428984,1.3165023820792001,1.0231516674033836,28172,E2,megascale_test,43
0.6631762398709357,0.6740350674474285,1.3685428402479192,1.0644543390585666,28172,E2,megascale_test,44
0.43748024957949894,0.4237516960040475,1.6296626974455068,1.193190303384723,669,E2noOOD,s669,42
0.4440440557627374,0.4229066906468466,1.6463096966081467,1.199404830731151,669,E2noOOD,s669,43
0.45215902608565894,0.44098170833406136,1.6160716816659402,1.1893816918680398,669,E2noOOD,s669,44
0.6228394231743799,0.6249629690037708,1.142913415759251,0.8826978685139374,461,E2noOOD,s461,42
0.629232676511414,0.6252582401510633,1.151814957275688,0.880412952541606,461,E2noOOD,s461,43
0.6077987941878243,0.6064652943314809,1.1564186497006435,0.8792376312828237,461,E2noOOD,s461,44
0.638022309258741,0.6213100868722321,1.6343059000745892,1.2024587472546298,783,E2noOOD,s783,42
0.6424236275106906,0.6482075836632052,1.5664830980097966,1.1650667108338455,783,E2noOOD,s783,43
0.6595038150966459,0.6595620238167863,1.5426537788327912,1.1385067044346955,783,E2noOOD,s783,44
0.5830242274502188,0.5666489845824746,1.3493462143326789,1.0145773548032142,2648,E2noOOD,s2648,42
0.5678821291001692,0.5550477070045463,1.4095896349084869,1.0603444325861455,2648,E2noOOD,s2648,43
0.5859475790641604,0.5747026711126753,1.356398577942065,1.0218880892361253,2648,E2noOOD,s2648,44
0.5666453671374263,0.52534796588201,1.7762044910687547,1.214346374190175,8228,E2noOOD,s8754,42
0.5636130314859933,0.5204380455273737,1.8081141377975039,1.2420482807008604,8228,E2noOOD,s8754,43
0.5727854547766096,0.5180659456442862,1.7962526676868802,1.2324534219878525,8228,E2noOOD,s8754,44
0.3607420667091669,0.34549938185768586,8.985851043952472,6.011766343845639,571,E2noOOD,s571,42
0.39569617634390886,0.3659459612740389,8.94259983390376,5.983658988945408,571,E2noOOD,s571,43
0.3589889239302625,0.34864365556917154,8.954802033453644,6.00167598610584,571,E2noOOD,s571,44
0.4995763722302359,0.46108248243860783,7.609742403653813,4.7541167661298935,3969,E2noOOD,s4346,42
0.4750826438963429,0.4314286075530811,7.5953917754809535,4.742058658208834,3969,E2noOOD,s4346,43
0.4905923907806354,0.45431408268314205,7.580243390108476,4.73351220639118,3969,E2noOOD,s4346,44
0.5307169473980232,0.4971934233596075,1.4499522773619518,1.028493205749849,342,E2noOOD,ssym_direct,42
0.49991862742864707,0.46905214244145305,1.5429868253096743,1.092765279353885,342,E2noOOD,ssym_direct,43
0.5577373293147112,0.5381581679188739,1.4115452378598556,1.0281864714138864,342,E2noOOD,ssym_direct,44
0.33142295038246755,0.36651317853066195,1.756791727837258,1.3081177092369711,342,E2noOOD,ssym_inverse,42
0.38982246954491095,0.4139715395806699,1.7741560969149242,1.3198108334224998,342,E2noOOD,ssym_inverse,43
0.3273624809602567,0.35035442061428573,1.7827193599787952,1.3239876115858031,342,E2noOOD,ssym_inverse,44
0.5365557770868777,0.5245958575782496,1.7017647782631107,1.2330996762654802,2578,E2noOOD,fireport_hf,42
0.5373054366343898,0.527751816833475,1.7104694167968826,1.2409790122330253,2578,E2noOOD,fireport_hf,43
0.5469637962041319,0.5359081909676235,1.685135329833314,1.2245715766595322,2578,E2noOOD,fireport_hf,44
0.6704212880763193,0.6822699999634195,1.1270378375384595,0.8815301537819111,28172,E2noOOD,megascale_test,42
0.6625198686589345,0.6748817270011456,1.2086598643691895,0.9421384186472476,28172,E2noOOD,megascale_test,43
0.6682627891165211,0.6803121756573988,1.1837681382632315,0.9200223903544533,28172,E2noOOD,megascale_test,44
