config,seed,benchmark,metric,value,n
G1,42,s669,spearman,0.4011243040421752,669
G1,42,s669,pearson,0.36894371947196347,669
G1,42,s669,rmse,1.5605905421704944,669
G1,42,s669,mae,1.1130106995196842,669
G1,42,s461,spearman,0.5674770376038606,461
G1,42,s461,pearson,0.5638250427430201,461
G1,42,s461,rmse,1.0994325177547477,461
G1,42,s461,mae,0.8212749207727692,461
G1,42,s783,spearman,0.5758870025381582,783
G1,42,s783,pearson,0.5719309174383621,783
G1,42,s783,rmse,1.7056197437992986,783
G1,42,s783,mae,1.1657307588805754,783
G1,42,s2648,spearman,0.5487392012605623,2648
G1,42,s2648,pearson,0.5359810883995298,2648
G1,42,s2648,rmse,1.2826414822980177,2648
G1,42,s2648,mae,0.960421286925696,2648
G1,42,s8754,spearman,0.5179217569894198,8228
G1,42,s8754,pearson,0.4744327651120258,8228
G1,42,s8754,rmse,1.772364298125741,8228
G1,42,s8754,mae,1.170453670768987,8228
G1,42,ssym_direct,spearman,0.6564752159967122,342
G1,42,ssym_direct,pearson,0.6272866720396088,342
G1,42,ssym_direct,rmse,1.2293167145823038,342
G1,42,ssym_direct,mae,0.8686384294530627,342
G1,42,ssym_inverse,spearman,0.03979146000924934,342
G1,42,ssym_inverse,pearson,0.04044103716841642,342
G1,42,ssym_inverse,rmse,2.3047625585832114,342
G1,42,ssym_inverse,mae,1.6530939710724075,342
G1,42,s571,spearman,0.33521387040981804,571
G1,42,s571,pearson,0.29207886904284847,571
G1,42,s571,rmse,9.081480261924803,571
G1,42,s571,mae,6.0207948589211435,571
G1,42,s4346,spearman,0.46239998435912094,3969
G1,42,s4346,pearson,0.4178045703804209,3969
G1,42,s4346,rmse,7.760877357704799,3969
G1,42,s4346,mae,4.810454249105133,3969
G1,42,megascale_test,spearman,0.6185170279624465,28172
G1,42,megascale_test,pearson,0.6621750965205699,28172
G1,42,megascale_test,rmse,0.8593054494513761,28172
G1,42,megascale_test,mae,0.6519690513658811,28172
G1,43,s669,spearman,0.3702349102582127,669
G1,43,s669,pearson,0.322179835057512,669
G1,43,s669,rmse,1.6376660109509014,669
G1,43,s669,mae,1.1761120441543726,669
G1,43,s461,spearman,0.5625066507474552,461
G1,43,s461,pearson,0.535883580755029,461
G1,43,s461,rmse,1.1459963313210606,461
G1,43,s461,mae,0.8532008988835289,461
G1,43,s783,spearman,0.5843655661197512,783
G1,43,s783,pearson,0.5783411614540616,783
G1,43,s783,rmse,1.678689838795551,783
G1,43,s783,mae,1.160419564829761,783
G1,43,s2648,spearman,0.5475226495019756,2648
G1,43,s2648,pearson,0.5193438911641658,2648
G1,43,s2648,rmse,1.3158597736183637,2648
G1,43,s2648,mae,0.9727883833584311,2648
G1,43,s8754,spearman,0.5265737423081486,8228
G1,43,s8754,pearson,0.4770988759366476,8228
G1,43,s8754,rmse,1.7745809754256594,8228
G1,43,s8754,mae,1.17512479566934,8228
G1,43,ssym_direct,spearman,0.6287758885425361,342
G1,43,ssym_direct,pearson,0.5848002564376443,342
G1,43,ssym_direct,rmse,1.2788666392484995,342
G1,43,ssym_direct,mae,0.9002054402855231,342
G1,43,ssym_inverse,spearman,0.13951693111727168,342
G1,43,ssym_inverse,pearson,0.085441082333972,342
G1,43,ssym_inverse,rmse,2.35093677367585,342
G1,43,ssym_inverse,mae,1.6638949076040535,342
G1,43,s571,spearman,0.310112372652935,571
G1,43,s571,pearson,0.2473825389966808,571
G1,43,s571,rmse,9.09981150265148,571
G1,43,s571,mae,6.018534893137378,571
G1,43,s4346,spearman,0.4647274697819617,3969
G1,43,s4346,pearson,0.41872690927815376,3969
G1,43,s4346,rmse,7.719539548857671,3969
G1,43,s4346,mae,4.792134360396898,3969
G1,43,megascale_test,spearman,0.6095636747732626,28172
G1,43,megascale_test,pearson,0.6422366463111605,28172
G1,43,megascale_test,rmse,0.9273498273218799,28172
G1,43,megascale_test,mae,0.704348530332252,28172
G1,44,s669,spearman,0.40235025860122775,669
G1,44,s669,pearson,0.3681762946416844,669
G1,44,s669,rmse,1.7032326352733276,669
G1,44,s669,mae,1.2318006542069986,669
G1,44,s461,spearman,0.551869356547226,461
G1,44,s461,pearson,0.5487586508908114,461
G1,44,s461,rmse,1.2335630813634757,461
G1,44,s461,mae,0.9304256556947552,461
G1,44,s783,spearman,0.5627561074262548,783
G1,44,s783,pearson,0.5544936842443703,783
G1,44,s783,rmse,1.7456658913090073,783
G1,44,s783,mae,1.282561553656427,783
G1,44,s2648,spearman,0.5434432315528335,2648
G1,44,s2648,pearson,0.5240178189730283,2648
G1,44,s2648,rmse,1.4083209133120538,2648
G1,44,s2648,mae,1.0751550328837611,2648
G1,44,s8754,spearman,0.5190458487456105,8228
G1,44,s8754,pearson,0.4734615709248907,8228
G1,44,s8754,rmse,1.8464791407861374,8228
G1,44,s8754,mae,1.2816077484550328,8228
G1,44,ssym_direct,spearman,0.6610743405525324,342
G1,44,ssym_direct,pearson,0.6396505393201871,342
G1,44,ssym_direct,rmse,1.2889644285598152,342
G1,44,ssym_direct,mae,0.9841240991386231,342
G1,44,ssym_inverse,spearman,0.021208758159002267,342
G1,44,ssym_inverse,pearson,0.07171609138206961,342
G1,44,ssym_inverse,rmse,2.4626380800469576,342
G1,44,ssym_inverse,mae,1.7887439723208285,342
G1,44,s571,spearman,0.2985854702701161,571
G1,44,s571,pearson,0.25252801435733174,571
G1,44,s571,rmse,9.079576233509858,571
G1,44,s571,mae,6.0772284185040855,571
G1,44,s4346,spearman,0.45331161966160555,3969
G1,44,s4346,pearson,0.4060044703680214,3969
G1,44,s4346,rmse,7.656027992726064,3969
G1,44,s4346,mae,4.794076344626234,3969
G1,44,megascale_test,spearman,0.6004871736240202,28172
G1,44,megascale_test,pearson,0.635356903520493,28172
G1,44,megascale_test,rmse,1.181069831064636,28172
G1,44,megascale_test,mae,0.9312245691874991,28172
G2,42,s669,spearman,0.49644362365051997,669
G2,42,s669,pearson,0.46816194565192765,669
G2,42,s669,rmse,1.551470770034454,669
G2,42,s669,mae,1.1070346349407605,669
G2,42,s461,spearman,0.6549427524508494,461
G2,42,s461,pearson,0.6471409305468075,461
G2,42,s461,rmse,1.0720401679974478,461
G2,42,s461,mae,0.7945848687379187,461
G2,42,s783,spearman,0.6224010242084426,783
G2,42,s783,pearson,0.6104258694065346,783
G2,42,s783,rmse,1.6219450652257699,783
G2,42,s783,mae,1.1689188034484213,783
G2,42,s2648,spearman,0.5447784443011253,2648
G2,42,s2648,pearson,0.5231717218380819,2648
G2,42,s2648,rmse,1.4052157766973714,2648
G2,42,s2648,mae,1.0422747115065762,2648
G2,42,s8754,spearman,0.5444124806791224,8228
G2,42,s8754,pearson,0.49359767065735916,8228
G2,42,s8754,rmse,1.8298483802668501,8228
G2,42,s8754,mae,1.2498642939679006,8228
G2,42,ssym_direct,spearman,0.49310786591756167,342
G2,42,ssym_direct,pearson,0.48486543279033884,342
G2,42,ssym_direct,rmse,1.4598076029795795,342
G2,42,ssym_direct,mae,1.019009084740316,342
G2,42,ssym_inverse,spearman,0.3050851150403726,342
G2,42,ssym_inverse,pearson,0.3730839517724366,342
G2,42,ssym_inverse,rmse,1.6889214506104744,342
G2,42,ssym_inverse,mae,1.2125323952900038,342
G2,42,s571,spearman,0.41759505628840377,571
G2,42,s571,pearson,0.39027800943353386,571
G2,42,s571,rmse,8.909172808101719,571
G2,42,s571,mae,5.94721582825842,571
G2,42,s4346,spearman,0.46998032290919733,3969
G2,42,s4346,pearson,0.444333636653875,3969
G2,42,s4346,rmse,7.591620009055459,3969
G2,42,s4346,mae,4.728748497585786,3969
G2,42,megascale_test,spearman,0.6492279344699637,28172
G2,42,megascale_test,pearson,0.6666048151175935,28172
G2,42,megascale_test,rmse,1.1904927466978585,28172
G2,42,megascale_test,mae,0.9189520955784918,28172
G2,43,s669,spearman,0.4875238012744129,669
G2,43,s669,pearson,0.4622683404903495,669
G2,43,s669,rmse,1.5593729632142592,669
G2,43,s669,mae,1.1361140174142492,669
G2,43,s461,spearman,0.6476558975634837,461
G2,43,s461,pearson,0.6309414631056617,461
G2,43,s461,rmse,1.101652082047279,461
G2,43,s461,mae,0.832078321693453,461
G2,43,s783,spearman,0.6221079587981604,783
G2,43,s783,pearson,0.6231086651173987,783
G2,43,s783,rmse,1.6176751939515213,783
G2,43,s783,mae,1.1613905489858654,783
G2,43,s2648,spearman,0.5590823983470568,2648
G2,43,s2648,pearson,0.5389469507971566,2648
G2,43,s2648,rmse,1.3803469656842178,2648
G2,43,s2648,mae,1.0298733773375397,2648
G2,43,s8754,spearman,0.5443531053941236,8228
G2,43,s8754,pearson,0.4973320835229726,8228
G2,43,s8754,rmse,1.8117360481717606,8228
G2,43,s8754,mae,1.2334750532556615,8228
G2,43,ssym_direct,spearman,0.5021572721621992,342
G2,43,ssym_direct,pearson,0.49916691361165266,342
G2,43,ssym_direct,rmse,1.4616986521005744,342
G2,43,ssym_direct,mae,1.0769766617936698,342
G2,43,ssym_inverse,spearman,0.27095883661320935,342
G2,43,ssym_inverse,pearson,0.2939104890999739,342
G2,43,ssym_inverse,rmse,1.8497048688680007,342
G2,43,ssym_inverse,mae,1.343213351247342,342
G2,43,s571,spearman,0.3767231674010032,571
G2,43,s571,pearson,0.36164283813975795,571
G2,43,s571,rmse,8.973577971729878,571
G2,43,s571,mae,5.996305010338589,571
G2,43,s4346,spearman,0.4821754733992073,3969
G2,43,s4346,pearson,0.4399356244717609,3969
G2,43,s4346,rmse,7.626973216805835,3969
G2,43,s4346,mae,4.747554301520076,3969
G2,43,megascale_test,spearman,0.652677266036939,28172
G2,43,megascale_test,pearson,0.674227790174314,28172
G2,43,megascale_test,rmse,1.1192132778854378,28172
G2,43,megascale_test,mae,0.8696331186012031,28172
G2,44,s669,spearman,0.4629560550593726,669
G2,44,s669,pearson,0.43592350615651704,669
G2,44,s669,rmse,1.5836276277388701,669
G2,44,s669,mae,1.144245303886064,669
G2,44,s461,spearman,0.6432425801130008,461
G2,44,s461,pearson,0.6386856577896026,461
G2,44,s461,rmse,1.0730142979903943,461
G2,44,s461,mae,0.8208724298062906,461
G2,44,s783,spearman,0.6061594484123738,783
G2,44,s783,pearson,0.605385132721617,783
G2,44,s783,rmse,1.6259180999362366,783
G2,44,s783,mae,1.1770358683272606,783
G2,44,s2648,spearman,0.5423696421965908,2648
G2,44,s2648,pearson,0.5250437854118576,2648
G2,44,s2648,rmse,1.3733916826973038,2648
G2,44,s2648,mae,1.0192537901668424,2648
G2,44,s8754,spearman,0.5390031730515207,8228
G2,44,s8754,pearson,0.4917201621938171,8228
G2,44,s8754,rmse,1.8102544840944377,8228
G2,44,s8754,mae,1.2391170169251784,8228
G2,44,ssym_direct,spearman,0.5526819233490564,342
G2,44,ssym_direct,pearson,0.5448105340030076,342
G2,44,ssym_direct,rmse,1.3639680312673135,342
G2,44,ssym_direct,mae,0.9867971569778975,342
G2,44,ssym_inverse,spearman,0.33122549351454833,342
G2,44,ssym_inverse,pearson,0.35436531431212737,342
G2,44,ssym_inverse,rmse,1.7036101915016237,342
G2,44,ssym_inverse,mae,1.2451372184839689,342
G2,44,s571,spearman,0.38070214477997216,571
G2,44,s571,pearson,0.3870668619056613,571
G2,44,s571,rmse,8.96128907222236,571
G2,44,s571,mae,6.018752903307278,571
G2,44,s4346,spearman,0.47966950375792244,3969
G2,44,s4346,pearson,0.45178778816474124,3969
G2,44,s4346,rmse,7.636786865222758,3969
G2,44,s4346,mae,4.762341726515475,3969
G2,44,megascale_test,spearman,0.6666868293601736,28172
G2,44,megascale_test,pearson,0.6705785141667367,28172
G2,44,megascale_test,rmse,1.1410330085216684,28172
G2,44,megascale_test,mae,0.8772683815924993,28172
E1,42,s669,spearman,0.4632471235802499,669
E1,42,s669,pearson,0.44016949645295356,669
E1,42,s669,rmse,1.5938165422387989,669
E1,42,s669,mae,1.1694775366089314,669
E1,42,s461,spearman,0.6424358216164949,461
E1,42,s461,pearson,0.6242575405189904,461
E1,42,s461,rmse,1.1242524921988806,461
E1,42,s461,mae,0.859648758718752,461
E1,42,s783,spearman,0.6130499540425671,783
E1,42,s783,pearson,0.6012442217611764,783
E1,42,s783,rmse,1.6582834425209267,783
E1,42,s783,mae,1.1979123160009906,783
E1,42,s2648,spearman,0.5741713266828252,2648
E1,42,s2648,pearson,0.5632817492190677,2648
E1,42,s2648,rmse,1.3601827843877143,2648
E1,42,s2648,mae,1.0254830727184872,2648
E1,42,s8754,spearman,0.5589285450880712,8228
E1,42,s8754,pearson,0.5159069445402139,8228
E1,42,s8754,rmse,1.7850764438105446,8228
E1,42,s8754,mae,1.2219321939268912,8228
E1,42,ssym_direct,spearman,0.4732061341844289,342
E1,42,ssym_direct,pearson,0.4659273872977712,342
E1,42,ssym_direct,rmse,1.4811738327312978,342
E1,42,ssym_direct,mae,1.0737665847532059,342
E1,42,ssym_inverse,spearman,0.34746151951809606,342
E1,42,ssym_inverse,pearson,0.3513999605083357,342
E1,42,ssym_inverse,rmse,1.7425824773398433,342
E1,42,ssym_inverse,mae,1.272500850445433,342
E1,42,s571,spearman,0.39577573327695104,571
E1,42,s571,pearson,0.36702547772885713,571
E1,42,s571,rmse,8.9880032391062,571
E1,42,s571,mae,6.0006418630102365,571
E1,42,s4346,spearman,0.4753771740402127,3969
E1,42,s4346,pearson,0.4345546978578323,3969
E1,42,s4346,rmse,7.700210474299944,3969
E1,42,s4346,mae,4.8169363192922035,3969
E1,42,megascale_test,spearman,0.6713546133674532,28172
E1,42,megascale_test,pearson,0.6786207992204939,28172
E1,42,megascale_test,rmse,1.1238711784000706,28172
E1,42,megascale_test,mae,0.8791461038558888,28172
E1,43,s669,spearman,0.4654021528266305,669
E1,43,s669,pearson,0.43946121334112004,669
E1,43,s669,rmse,1.625284258171278,669
E1,43,s669,mae,1.174466284704694,669
E1,43,s461,spearman,0.6538297160190951,461
E1,43,s461,pearson,0.63434785586337,461
E1,43,s461,rmse,1.124444039530238,461
E1,43,s461,mae,0.8385943575007659,461
E1,43,s783,spearman,0.6377301812778006,783
E1,43,s783,pearson,0.6312114156876344,783
E1,43,s783,rmse,1.6001965725465193,783
E1,43,s783,mae,1.1826677687732576,783
E1,43,s2648,spearman,0.5422054251022042,2648
E1,43,s2648,pearson,0.5310177713463575,2648
E1,43,s2648,rmse,1.4590474586325046,2648
E1,43,s2648,mae,1.0883469869350322,2648
E1,43,s8754,spearman,0.5497164135519641,8228
E1,43,s8754,pearson,0.5082334562560609,8228
E1,43,s8754,rmse,1.8286095075757125,8228
E1,43,s8754,mae,1.2597640661395577,8228
E1,43,ssym_direct,spearman,0.49866321586794804,342
E1,43,ssym_direct,pearson,0.4741946353216546,342
E1,43,ssym_direct,rmse,1.5124980101885077,342
E1,43,ssym_direct,mae,1.0965623230460966,342
E1,43,ssym_inverse,spearman,0.22686548765250755,342
E1,43,ssym_inverse,pearson,0.25993680082398574,342
E1,43,ssym_inverse,rmse,2.039197480436848,342
E1,43,ssym_inverse,mae,1.4969760347266643,342
E1,43,s571,spearman,0.40201164347071194,571
E1,43,s571,pearson,0.3755286054285975,571
E1,43,s571,rmse,8.91138544519295,571
E1,43,s571,mae,5.947859399842715,571
E1,43,s4346,spearman,0.47414983574357267,3969
E1,43,s4346,pearson,0.43124614804376954,3969
E1,43,s4346,rmse,7.576563218572872,3969
E1,43,s4346,mae,4.729212280117402,3969
E1,43,megascale_test,spearman,0.6548866177011884,28172
E1,43,megascale_test,pearson,0.6642569052774031,28172
E1,43,megascale_test,rmse,1.260889217252619,28172
E1,43,megascale_test,mae,0.9787848123449681,28172
E1,44,s669,spearman,0.47633234189130663,669
E1,44,s669,pearson,0.45335987575540393,669
E1,44,s669,rmse,1.595762587619344,669
E1,44,s669,mae,1.158391713118807,669
E1,44,s461,spearman,0.6398136880836702,461
E1,44,s461,pearson,0.6340223905185937,461
E1,44,s461,rmse,1.108287358364522,461
E1,44,s461,mae,0.8485220063335329,461
E1,44,s783,spearman,0.6257922435962926,783
E1,44,s783,pearson,0.627136220384735,783
E1,44,s783,rmse,1.6114050465773393,783
E1,44,s783,mae,1.1858820658162865,783
E1,44,s2648,spearman,0.5529586260189975,2648
E1,44,s2648,pearson,0.5414663900440001,2648
E1,44,s2648,rmse,1.426897406181533,2648
E1,44,s2648,mae,1.0685975669789638,2648
E1,44,s8754,spearman,0.5473208167685305,8228
E1,44,s8754,pearson,0.5045404384831836,8228
E1,44,s8754,rmse,1.8279140248250567,8228
E1,44,s8754,mae,1.2584957703110702,8228
E1,44,ssym_direct,spearman,0.45952894513034476,342
E1,44,ssym_direct,pearson,0.4422984007280965,342
E1,44,ssym_direct,rmse,1.5016580033575435,342
E1,44,ssym_direct,mae,1.0723088693244067,342
E1,44,ssym_inverse,spearman,0.34514770313497906,342
E1,44,ssym_inverse,pearson,0.35818237170934075,342
E1,44,ssym_inverse,rmse,1.7637304211680191,342
E1,44,ssym_inverse,mae,1.2925391932459254,342
E1,44,s571,spearman,0.39185788466908444,571
E1,44,s571,pearson,0.3781095403793181,571
E1,44,s571,rmse,8.943762549819365,571
E1,44,s571,mae,6.00072056488925,571
E1,44,s4346,spearman,0.47029687316802704,3969
E1,44,s4346,pearson,0.434253660143069,3969
E1,44,s4346,rmse,7.635989149557761,3969
E1,44,s4346,mae,4.782365335908062,3969
E1,44,megascale_test,spearman,0.6653824049634677,28172
E1,44,megascale_test,pearson,0.6752734264652074,28172
E1,44,megascale_test,rmse,1.239908334876871,28172
E1,44,megascale_test,mae,0.9673437207050053,28172
E2,42,s669,spearman,0.45815121013983107,669
E2,42,s669,pearson,0.424040320753773,669
E2,42,s669,rmse,1.6908779198115098,669
E2,42,s669,mae,1.213541737706115,669
E2,42,s461,spearman,0.6479505392644395,461
E2,42,s461,pearson,0.6300650175994479,461
E2,42,s461,rmse,1.171808731785138,461
E2,42,s461,mae,0.8834909019656398,461
E2,42,s783,spearman,0.6362156704336037,783
E2,42,s783,pearson,0.6344202921786615,783
E2,42,s783,rmse,1.6145041073669575,783
E2,42,s783,mae,1.2117730460366374,783
E2,42,s2648,spearman,0.5834255382943736,2648
E2,42,s2648,pearson,0.567119091574665,2648
E2,42,s2648,rmse,1.4173756069356236,2648
E2,42,s2648,mae,1.0661756906368605,2648
E2,42,s8754,spearman,0.5680042471594334,8228
E2,42,s8754,pearson,0.5199341344629529,8228
E2,42,s8754,rmse,1.8374937327380463,8228
E2,42,s8754,mae,1.2811309376888678,8228
E2,42,ssym_direct,spearman,0.5125014012892642,342
E2,42,ssym_direct,pearson,0.5068902320451885,342
E2,42,ssym_direct,rmse,1.4688655669947137,342
E2,42,ssym_direct,mae,1.093195256041853,342
E2,42,ssym_inverse,spearman,0.35529557573982656,342
E2,42,ssym_inverse,pearson,0.3663321815946312,342
E2,42,ssym_inverse,rmse,1.8300778127158086,342
E2,42,ssym_inverse,mae,1.3521922563818114,342
E2,42,s571,spearman,0.3980878119940911,571
E2,42,s571,pearson,0.3537789094751026,571
E2,42,s571,rmse,8.912837570261795,571
E2,42,s571,mae,5.984416712238576,571
E2,42,s4346,spearman,0.4966229742680918,3969
E2,42,s4346,pearson,0.454628711783366,3969
E2,42,s4346,rmse,7.5300123929330836,3969
E2,42,s4346,mae,4.698128452854929,3969
E2,42,megascale_test,spearman,0.6655581522098636,28172
E2,42,megascale_test,pearson,0.6755743936874111,28172
E2,42,megascale_test,rmse,1.3306829803032456,28172
E2,42,megascale_test,mae,1.0414987508944276,28172
E2,43,s669,spearman,0.47942770782217414,669
E2,43,s669,pearson,0.4464309694237895,669
E2,43,s669,rmse,1.654098496491443,669
E2,43,s669,mae,1.1868023194834836,669
E2,43,s461,spearman,0.6607785689219308,461
E2,43,s461,pearson,0.6432550490299258,461
E2,43,s461,rmse,1.1469933693760894,461
E2,43,s461,mae,0.8590792863909559,461
E2,43,s783,spearman,0.6443905167570003,783
E2,43,s783,pearson,0.637771731925819,783
E2,43,s783,rmse,1.606350169953681,783
E2,43,s783,mae,1.180344682886226,783
E2,43,s2648,spearman,0.5710763201801884,2648
E2,43,s2648,pearson,0.5528678624334354,2648
E2,43,s2648,rmse,1.4573360458476006,2648
E2,43,s2648,mae,1.088006802862707,2648
E2,43,s8754,spearman,0.5614666680384327,8228
E2,43,s8754,pearson,0.5187756603446063,8228
E2,43,s8754,rmse,1.8400823045630146,8228
E2,43,s8754,mae,1.2716508396713806,8228
E2,43,ssym_direct,spearman,0.49497725430464784,342
E2,43,ssym_direct,pearson,0.47481757643673334,342
E2,43,ssym_direct,rmse,1.5468459419172873,342
E2,43,ssym_direct,mae,1.1134433678585536,342
E2,43,ssym_inverse,spearman,0.38562756140411686,342
E2,43,ssym_inverse,pearson,0.41796598808021207,342
E2,43,ssym_inverse,rmse,1.845179600187119,342
E2,43,ssym_inverse,mae,1.3690432236578904,342
E2,43,s571,spearman,0.39758148655080117,571
E2,43,s571,pearson,0.3549306848637489,571
E2,43,s571,rmse,8.902999841156745,571
E2,43,s571,mae,5.9683115008220256,571
E2,43,s4346,spearman,0.48277880991447625,3969
E2,43,s4346,pearson,0.4454661777457821,3969
E2,43,s4346,rmse,7.565205512746805,3969
E2,43,s4346,mae,4.739402908270554,3969
E2,43,megascale_test,spearman,0.6634231875399302,28172
E2,43,megascale_test,pearson,0.6716090127428984,28172
E2,43,megascale_test,rmse,1.3165023820792001,28172
E2,43,megascale_test,mae,1.0231516674033836,28172
E2,44,s669,spearman,0.4715667336095535,669
E2,44,s669,pearson,0.4419601013876531,669
E2,44,s669,rmse,1.660209182174109,669
E2,44,s669,mae,1.2021729682247824,669
E2,44,s461,spearman,0.6608768032366954,461
E2,44,s461,pearson,0.6449626534848626,461
E2,44,s461,rmse,1.1475412442150101,461
E2,44,s461,mae,0.8722421468842629,461
E2,44,s783,spearman,0.6477964350369259,783
E2,44,s783,pearson,0.6288706462636041,783
E2,44,s783,rmse,1.6178787134195796,783
E2,44,s783,mae,1.2070655415255676,783
E2,44,s2648,spearman,0.5841831681808601,2648
E2,44,s2648,pearson,0.5685330481074511,2648
E2,44,s2648,rmse,1.4198733609126053,2648
E2,44,s2648,mae,1.0666031497833108,2648
E2,44,s8754,spearman,0.5653818514117434,8228
E2,44,s8754,pearson,0.5043021985984952,8228
E2,44,s8754,rmse,1.8685300086163414,8228
E2,44,s8754,mae,1.2976934363019714,8228
E2,44,ssym_direct,spearman,0.5137805196775705,342
E2,44,ssym_direct,pearson,0.509212093837938,342
E2,44,ssym_direct,rmse,1.4694348007155984,342
E2,44,ssym_direct,mae,1.0711983398735871,342
E2,44,ssym_inverse,spearman,0.33064782714563573,342
E2,44,ssym_inverse,pearson,0.34131532827232036,342
E2,44,ssym_inverse,rmse,1.835132585812428,342
E2,44,ssym_inverse,mae,1.3170821064244411,342
E2,44,s571,spearman,0.38253910949506487,571
E2,44,s571,pearson,0.35498774170467734,571
E2,44,s571,rmse,8.910483765616638,571
E2,44,s571,mae,5.9914451018595605,571
E2,44,s4346,spearman,0.4933552432055609,3969
E2,44,s4346,pearson,0.44954768252891075,3969
E2,44,s4346,rmse,7.561256569551804,3969
E2,44,s4346,mae,4.721202544654931,3969
E2,44,megascale_test,spearman,0.6631762398709355,28172
E2,44,megascale_test,pearson,0.6740350674474285,28172
E2,44,megascale_test,rmse,1.3685428402479192,28172
E2,44,megascale_test,mae,1.0644543390585666,28172
V1,42,s669,spearman,0.47560077297621733,669
V1,42,s669,pearson,0.4406353849698235,669
V1,42,s669,rmse,1.619696460274346,669
V1,42,s669,mae,1.1619094962446277,669
V1,42,s461,spearman,0.6596633277299947,461
V1,42,s461,pearson,0.6504133906218551,461
V1,42,s461,rmse,1.07943141948086,461
V1,42,s461,mae,0.827885507171117,461
V1,42,s783,spearman,0.6185903614360124,783
V1,42,s783,pearson,0.6198143464586107,783
V1,42,s783,rmse,1.6019489321172367,783
V1,42,s783,mae,1.1799204553909228,783
V1,42,s2648,spearman,0.5744385989256009,2648
V1,42,s2648,pearson,0.568042056803103,2648
V1,42,s2648,rmse,1.3614327657377283,2648
V1,42,s2648,mae,1.0183353418339427,2648
V1,42,s8754,spearman,0.550568939086081,8228
V1,42,s8754,pearson,0.5117544264535312,8228
V1,42,s8754,rmse,1.8128034622723181,8228
V1,42,s8754,mae,1.2406127864519425,8228
V1,42,ssym_direct,spearman,0.49769468692994007,342
V1,42,ssym_direct,pearson,0.49296991239164645,342
V1,42,ssym_direct,rmse,1.4549254105554332,342
V1,42,ssym_direct,mae,1.0139415584700673,342
V1,42,ssym_inverse,spearman,0.2756229298801306,342
V1,42,ssym_inverse,pearson,0.3282810262777083,342
V1,42,ssym_inverse,rmse,1.891311094950117,342
V1,42,ssym_inverse,mae,1.4076211068626734,342
V1,42,s571,spearman,0.4221193711209583,571
V1,42,s571,pearson,0.3756445887927285,571
V1,42,s571,rmse,8.893787182467767,571
V1,42,s571,mae,5.93079106926905,571
V1,42,s4346,spearman,0.47620628858510916,3969
V1,42,s4346,pearson,0.44082808197240414,3969
V1,42,s4346,rmse,7.580818969486688,3969
V1,42,s4346,mae,4.727986340832672,3969
V1,42,megascale_test,spearman,0.66090673652852,28172
V1,42,megascale_test,pearson,0.6728383100945997,28172
V1,42,megascale_test,rmse,1.2527684919821853,28172
V1,42,megascale_test,mae,0.9695366524822779,28172
V1,43,s669,spearman,0.4696916912391591,669
V1,43,s669,pearson,0.4384429098036019,669
V1,43,s669,rmse,1.631035617713489,669
V1,43,s669,mae,1.1747087111727228,669
V1,43,s461,spearman,0.655563147468659,461
V1,43,s461,pearson,0.6470819095586605,461
V1,43,s461,rmse,1.0982895337237921,461
V1,43,s461,mae,0.8346521715404276,461
V1,43,s783,spearman,0.6367080958171873,783
V1,43,s783,pearson,0.6393685691688235,783
V1,43,s783,rmse,1.5805576681029307,783
V1,43,s783,mae,1.1621244614813024,783
V1,43,s2648,spearman,0.5896113649260736,2648
V1,43,s2648,pearson,0.5731161984099797,2648
V1,43,s2648,rmse,1.3982331186320855,2648
V1,43,s2648,mae,1.0413817786302113,2648
V1,43,s8754,spearman,0.560172463826027,8228
V1,43,s8754,pearson,0.5099053150975651,8228
V1,43,s8754,rmse,1.839511767004244,8228
V1,43,s8754,mae,1.2715305586305707,8228
V1,43,ssym_direct,spearman,0.511966197149547,342
V1,43,ssym_direct,pearson,0.5036083913362627,342
V1,43,ssym_direct,rmse,1.4589482692275002,342
V1,43,ssym_direct,mae,1.053597577297461,342
V1,43,ssym_inverse,spearman,0.29256881032298354,342
V1,43,ssym_inverse,pearson,0.3329753488608521,342
V1,43,ssym_inverse,rmse,1.8810080325543572,342
V1,43,ssym_inverse,mae,1.3544288716273525,342
V1,43,s571,spearman,0.41818040065142564,571
V1,43,s571,pearson,0.36994981146308237,571
V1,43,s571,rmse,8.899158245402317,571
V1,43,s571,mae,5.895065140279235,571
V1,43,s4346,spearman,0.487347307881558,3969
V1,43,s4346,pearson,0.4551985430574525,3969
V1,43,s4346,rmse,7.551265341062655,3969
V1,43,s4346,mae,4.708411428082005,3969
V1,43,megascale_test,spearman,0.6588259366126505,28172
V1,43,megascale_test,pearson,0.6660828693757952,28172
V1,43,megascale_test,rmse,1.2837400047609975,28172
V1,43,megascale_test,mae,0.9902377499504862,28172
V1,44,s669,spearman,0.45599285439606885,669
V1,44,s669,pearson,0.4274592688159358,669
V1,44,s669,rmse,1.6699028297921255,669
V1,44,s669,mae,1.217498665491762,669
V1,44,s461,spearman,0.6575538621827655,461
V1,44,s461,pearson,0.6515011973473691,461
V1,44,s461,rmse,1.1163578568474892,461
V1,44,s461,mae,0.8628718183409229,461
V1,44,s783,spearman,0.6448695931467604,783
V1,44,s783,pearson,0.6427722436078026,783
V1,44,s783,rmse,1.5775780093353267,783
V1,44,s783,mae,1.1622749658927112,783
V1,44,s2648,spearman,0.5977129106817046,2648
V1,44,s2648,pearson,0.5798190830333416,2648
V1,44,s2648,rmse,1.3837144847534057,2648
V1,44,s2648,mae,1.0351235278505055,2648
V1,44,s8754,spearman,0.5641768967524488,8228
V1,44,s8754,pearson,0.5172613909459545,8228
V1,44,s8754,rmse,1.8264564567567747,8228
V1,44,s8754,mae,1.2603060574341018,8228
V1,44,ssym_direct,spearman,0.5051158242303077,342
V1,44,ssym_direct,pearson,0.5128482926047163,342
V1,44,ssym_direct,rmse,1.4427251948947581,342
V1,44,ssym_direct,mae,1.0511538221321084,342
V1,44,ssym_inverse,spearman,0.3385024392875068,342
V1,44,ssym_inverse,pearson,0.35576574204822264,342
V1,44,ssym_inverse,rmse,1.8770572947247732,342
V1,44,ssym_inverse,mae,1.374383456100933,342
V1,44,s571,spearman,0.37356816970992796,571
V1,44,s571,pearson,0.3629518999829467,571
V1,44,s571,rmse,8.944611945457599,571
V1,44,s571,mae,5.990900336898498,571
V1,44,s4346,spearman,0.4895779725670269,3969
V1,44,s4346,pearson,0.4478282722941937,3969
V1,44,s4346,rmse,7.591071960709217,3969
V1,44,s4346,mae,4.727209192832792,3969
V1,44,megascale_test,spearman,0.6643258566924131,28172
V1,44,megascale_test,pearson,0.677345419704542,28172
V1,44,megascale_test,rmse,1.2933638301693413,28172
V1,44,megascale_test,mae,1.01165569807339,28172
SCALAR,42,s669,spearman,0.1943930524119024,669
SCALAR,42,s669,pearson,0.1572136496019029,669
SCALAR,42,s669,rmse,1.881313846578579,669
SCALAR,42,s669,mae,1.4145301611208663,669
SCALAR,42,s461,spearman,0.2831102540151387,461
SCALAR,42,s461,pearson,0.2837171270014808,461
SCALAR,42,s461,rmse,1.6677653662174128,461
SCALAR,42,s461,mae,1.2781145742856,461
SCALAR,42,s783,spearman,0.08531491941339592,783
SCALAR,42,s783,pearson,0.06002545133200271,783
SCALAR,42,s783,rmse,2.370682832519384,783
SCALAR,42,s783,mae,1.5984018243930158,783
SCALAR,42,s2648,spearman,0.11653529752923468,2648
SCALAR,42,s2648,pearson,0.11498588514613636,2648
SCALAR,42,s2648,rmse,1.7748639272112396,2648
SCALAR,42,s2648,mae,1.35060198521952,2648
SCALAR,42,s8754,spearman,0.035427754786880365,8228
SCALAR,42,s8754,pearson,-0.016182457609298786,8228
SCALAR,42,s8754,rmse,2.258788768314135,8228
SCALAR,42,s8754,mae,1.509218561545743,8228
SCALAR,42,ssym_direct,spearman,0.1334143735701518,342
SCALAR,42,ssym_direct,pearson,0.13416788076121314,342
SCALAR,42,ssym_direct,rmse,1.8229192546047306,342
SCALAR,42,ssym_direct,mae,1.3186380913078088,342
SCALAR,42,ssym_inverse,spearman,0.06279443490577273,342
SCALAR,42,ssym_inverse,pearson,0.014984379320903815,342
SCALAR,42,ssym_inverse,rmse,1.8320862811258396,342
SCALAR,42,ssym_inverse,mae,1.3227522578253819,342
SCALAR,42,s571,spearman,-0.016700462644075997,571
SCALAR,42,s571,pearson,0.010258745516632807,571
SCALAR,42,s571,rmse,9.479338791864429,571
SCALAR,42,s571,mae,6.282095910319912,571
SCALAR,42,s4346,spearman,0.07254407693659867,3969
SCALAR,42,s4346,pearson,0.07419895759053444,3969
SCALAR,42,s4346,rmse,8.31713861161158,3969
SCALAR,42,s4346,mae,5.264499177495602,3969
SCALAR,42,megascale_test,spearman,-0.007151417897421455,28172
SCALAR,42,megascale_test,pearson,-0.027035781468083043,28172
SCALAR,42,megascale_test,rmse,1.263327104563316,28172
SCALAR,42,megascale_test,mae,0.8419452196247734,28172
SCALAR,43,s669,spearman,0.010749997110133556,669
SCALAR,43,s669,pearson,0.010296717503851065,669
SCALAR,43,s669,rmse,1.890562996131244,669
SCALAR,43,s669,mae,1.4214381502808304,669
SCALAR,43,s461,spearman,0.012978749513249304,461
SCALAR,43,s461,pearson,0.019050126030473007,461
SCALAR,43,s461,rmse,1.6814171453030275,461
SCALAR,43,s461,mae,1.285562757453669,461
SCALAR,43,s783,spearman,-0.028101869329981138,783
SCALAR,43,s783,pearson,-0.09643637938250185,783
SCALAR,43,s783,rmse,2.3797468115579727,783
SCALAR,43,s783,mae,1.6065131334658107,783
SCALAR,43,s2648,spearman,-0.031229300183050954,2648
SCALAR,43,s2648,pearson,-0.05077831344792785,2648
SCALAR,43,s2648,rmse,1.78489484039188,2648
SCALAR,43,s2648,mae,1.356775234292034,2648
SCALAR,43,s8754,spearman,-0.03898349395602343,8228
SCALAR,43,s8754,pearson,-0.08494786152964677,8228
SCALAR,43,s8754,rmse,2.2616858655413994,8228
SCALAR,43,s8754,mae,1.5112900759385803,8228
SCALAR,43,ssym_direct,spearman,0.04228727880937698,342
SCALAR,43,ssym_direct,pearson,0.008555912883838631,342
SCALAR,43,ssym_direct,rmse,1.8182544542750019,342
SCALAR,43,ssym_direct,mae,1.3144009331124153,342
SCALAR,43,ssym_inverse,spearman,-0.0015703522641659256,342
SCALAR,43,ssym_inverse,pearson,-0.06236646299965578,342
SCALAR,43,ssym_inverse,rmse,1.8245865412134263,342
SCALAR,43,ssym_inverse,mae,1.3191961061375552,342
SCALAR,43,s571,spearman,0.05386330602374513,571
SCALAR,43,s571,pearson,0.05347506666529921,571
SCALAR,43,s571,rmse,9.475383792173604,571
SCALAR,43,s571,mae,6.279255042820615,571
SCALAR,43,s4346,spearman,-0.019877761677180056,3969
SCALAR,43,s4346,pearson,-0.0330834122905358,3969
SCALAR,43,s4346,rmse,8.321751785380057,3969
SCALAR,43,s4346,mae,5.267002083117524,3969
SCALAR,43,megascale_test,spearman,-0.11431085135888087,28172
SCALAR,43,megascale_test,pearson,-0.12280413936261118,28172
SCALAR,43,megascale_test,rmse,1.2669216565202577,28172
SCALAR,43,megascale_test,mae,0.8461608229509401,28172
SCALAR,44,s669,spearman,0.034561466149413966,669
SCALAR,44,s669,pearson,0.04333923056653887,669
SCALAR,44,s669,rmse,1.8991349232189694,669
SCALAR,44,s669,mae,1.4304867732308677,669
SCALAR,44,s461,spearman,0.050067164047335876,461
SCALAR,44,s461,pearson,0.052013672632728464,461
SCALAR,44,s461,rmse,1.694664297386458,461
SCALAR,44,s461,mae,1.3006355953756357,461
SCALAR,44,s783,spearman,-0.013077976751403101,783
SCALAR,44,s783,pearson,-0.01868465854850793,783
SCALAR,44,s783,rmse,2.3851369974398726,783
SCALAR,44,s783,mae,1.6168783386993206,783
SCALAR,44,s2648,spearman,-0.029549865735622474,2648
SCALAR,44,s2648,pearson,-0.031229712622550816,2648
SCALAR,44,s2648,rmse,1.7907127019941722,2648
SCALAR,44,s2648,mae,1.3638290544781726,2648
SCALAR,44,s8754,spearman,-0.01732181505103397,8228
SCALAR,44,s8754,pearson,-0.043348018990185845,8228
SCALAR,44,s8754,rmse,2.2657133867436148,8228
SCALAR,44,s8754,mae,1.5177187301121675,8228
SCALAR,44,ssym_direct,spearman,-0.2181911894396315,342
SCALAR,44,ssym_direct,pearson,-0.2035544624210252,342
SCALAR,44,ssym_direct,rmse,1.8405793055650532,342
SCALAR,44,ssym_direct,mae,1.3339974898028009,342
SCALAR,44,ssym_inverse,spearman,-0.2705412663522525,342
SCALAR,44,ssym_inverse,pearson,-0.26776847985590796,342
SCALAR,44,ssym_inverse,rmse,1.842627837559071,342
SCALAR,44,ssym_inverse,mae,1.3340269884513964,342
SCALAR,44,s571,spearman,0.03625165262816917,571
SCALAR,44,s571,pearson,0.031978132620126644,571
SCALAR,44,s571,rmse,9.480880979057362,571
SCALAR,44,s571,mae,6.285338937702887,571
SCALAR,44,s4346,spearman,-0.0433146783011596,3969
SCALAR,44,s4346,pearson,-0.033138403482868894,3969
SCALAR,44,s4346,rmse,8.328171957315135,3969
SCALAR,44,s4346,mae,5.277221470185912,3969
SCALAR,44,megascale_test,spearman,-0.01926826437083758,28172
SCALAR,44,megascale_test,pearson,-0.026546516860906116,28172
SCALAR,44,megascale_test,rmse,1.2639108770137617,28172
SCALAR,44,megascale_test,mae,0.8439419900701279,28172
E2noOOD,42,s669,spearman,0.437480249579499,669
E2noOOD,42,s669,pearson,0.4237516960040475,669
E2noOOD,42,s669,rmse,1.6296626974455068,669
E2noOOD,42,s669,mae,1.193190303384723,669
E2noOOD,42,s461,spearman,0.62283942317438,461
E2noOOD,42,s461,pearson,0.6249629690037708,461
E2noOOD,42,s461,rmse,1.142913415759251,461
E2noOOD,42,s461,mae,0.8826978685139374,461
E2noOOD,42,s783,spearman,0.638022309258741,783
E2noOOD,42,s783,pearson,0.6213100868722321,783
E2noOOD,42,s783,rmse,1.6343059000745892,783
E2noOOD,42,s783,mae,1.2024587472546298,783
E2noOOD,42,s2648,spearman,0.5830242274502188,2648
E2noOOD,42,s2648,pearson,0.5666489845824746,2648
E2noOOD,42,s2648,rmse,1.3493462143326789,2648
E2noOOD,42,s2648,mae,1.0145773548032142,2648
E2noOOD,42,s8754,spearman,0.5666453671374264,8228
E2noOOD,42,s8754,pearson,0.52534796588201,8228
E2noOOD,42,s8754,rmse,1.7762044910687547,8228
E2noOOD,42,s8754,mae,1.214346374190175,8228
E2noOOD,42,ssym_direct,spearman,0.5307169473980232,342
E2noOOD,42,ssym_direct,pearson,0.4971934233596075,342
E2noOOD,42,ssym_direct,rmse,1.4499522773619518,342
E2noOOD,42,ssym_direct,mae,1.028493205749849,342
E2noOOD,42,ssym_inverse,spearman,0.33142295038246755,342
E2noOOD,42,ssym_inverse,pearson,0.36651317853066195,342
E2noOOD,42,ssym_inverse,rmse,1.756791727837258,342
E2noOOD,42,ssym_inverse,mae,1.3081177092369711,342
E2noOOD,42,s571,spearman,0.3607420667091669,571
E2noOOD,42,s571,pearson,0.34549938185768586,571
E2noOOD,42,s571,rmse,8.985851043952472,571
E2noOOD,42,s571,mae,6.011766343845639,571
E2noOOD,42,s4346,spearman,0.49957637223023593,3969
E2noOOD,42,s4346,pearson,0.46108248243860783,3969
E2noOOD,42,s4346,rmse,7.609742403653813,3969
E2noOOD,42,s4346,mae,4.7541167661298935,3969
E2noOOD,42,megascale_test,spearman,0.6704212880763193,28172
E2noOOD,42,megascale_test,pearson,0.6822699999634195,28172
E2noOOD,42,megascale_test,rmse,1.1270378375384595,28172
E2noOOD,42,megascale_test,mae,0.8815301537819111,28172
E2noOOD,43,s669,spearman,0.4440440557627374,669
E2noOOD,43,s669,pearson,0.4229066906468466,669
E2noOOD,43,s669,rmse,1.6463096966081467,669
E2noOOD,43,s669,mae,1.199404830731151,669
E2noOOD,43,s461,spearman,0.629232676511414,461
E2noOOD,43,s461,pearson,0.6252582401510633,461
E2noOOD,43,s461,rmse,1.151814957275688,461
E2noOOD,43,s461,mae,0.880412952541606,461
E2noOOD,43,s783,spearman,0.6424236275106907,783
E2noOOD,43,s783,pearson,0.6482075836632052,783
E2noOOD,43,s783,rmse,1.5664830980097966,783
E2noOOD,43,s783,mae,1.1650667108338455,783
E2noOOD,43,s2648,spearman,0.5678821291001692,2648
E2noOOD,43,s2648,pearson,0.5550477070045463,2648
E2noOOD,43,s2648,rmse,1.4095896349084869,2648
E2noOOD,43,s2648,mae,1.0603444325861455,2648
E2noOOD,43,s8754,spearman,0.5636130314859933,8228
E2noOOD,43,s8754,pearson,0.5204380455273737,8228
E2noOOD,43,s8754,rmse,1.8081141377975039,8228
E2noOOD,43,s8754,mae,1.2420482807008604,8228
E2noOOD,43,ssym_direct,spearman,0.4999186274286471,342
E2noOOD,43,ssym_direct,pearson,0.46905214244145305,342
E2noOOD,43,ssym_direct,rmse,1.5429868253096743,342
E2noOOD,43,ssym_direct,mae,1.092765279353885,342
E2noOOD,43,ssym_inverse,spearman,0.389822469544911,342
E2noOOD,43,ssym_inverse,pearson,0.4139715395806699,342
E2noOOD,43,ssym_inverse,rmse,1.7741560969149242,342
E2noOOD,43,ssym_inverse,mae,1.3198108334224998,342
E2noOOD,43,s571,spearman,0.3956961763439088,571
E2noOOD,43,s571,pearson,0.3659459612740389,571
E2noOOD,43,s571,rmse,8.94259983390376,571
E2noOOD,43,s571,mae,5.983658988945408,571
E2noOOD,43,s4346,spearman,0.4750826438963429,3969
E2noOOD,43,s4346,pearson,0.4314286075530811,3969
E2noOOD,43,s4346,rmse,7.5953917754809535,3969
E2noOOD,43,s4346,mae,4.742058658208834,3969
E2noOOD,43,megascale_test,spearman,0.6625198686589345,28172
E2noOOD,43,megascale_test,pearson,0.6748817270011456,28172
E2noOOD,43,megascale_test,rmse,1.2086598643691895,28172
E2noOOD,43,megascale_test,mae,0.9421384186472476,28172
E2noOOD,44,s669,spearman,0.45215902608565894,669
E2noOOD,44,s669,pearson,0.44098170833406136,669
E2noOOD,44,s669,rmse,1.6160716816659402,669
E2noOOD,44,s669,mae,1.1893816918680398,669
E2noOOD,44,s461,spearman,0.6077987941878242,461
E2noOOD,44,s461,pearson,0.6064652943314809,461
E2noOOD,44,s461,rmse,1.1564186497006435,461
E2noOOD,44,s461,mae,0.8792376312828237,461
E2noOOD,44,s783,spearman,0.6595038150966459,783
E2noOOD,44,s783,pearson,0.6595620238167863,783
E2noOOD,44,s783,rmse,1.5426537788327912,783
E2noOOD,44,s783,mae,1.1385067044346955,783
E2noOOD,44,s2648,spearman,0.5859475790641603,2648
E2noOOD,44,s2648,pearson,0.5747026711126753,2648
E2noOOD,44,s2648,rmse,1.356398577942065,2648
E2noOOD,44,s2648,mae,1.0218880892361253,2648
E2noOOD,44,s8754,spearman,0.5727854547766096,8228
E2noOOD,44,s8754,pearson,0.5180659456442862,8228
E2noOOD,44,s8754,rmse,1.7962526676868802,8228
E2noOOD,44,s8754,mae,1.2324534219878525,8228
E2noOOD,44,ssym_direct,spearman,0.5577373293147112,342
E2noOOD,44,ssym_direct,pearson,0.5381581679188739,342
E2noOOD,44,ssym_direct,rmse,1.4115452378598556,342
E2noOOD,44,ssym_direct,mae,1.0281864714138864,342
E2noOOD,44,ssym_inverse,spearman,0.32736248096025666,342
E2noOOD,44,ssym_inverse,pearson,0.35035442061428573,342
E2noOOD,44,ssym_inverse,rmse,1.7827193599787952,342
E2noOOD,44,ssym_inverse,mae,1.3239876115858031,342
E2noOOD,44,s571,spearman,0.3589889239302625,571
E2noOOD,44,s571,pearson,0.34864365556917154,571
E2noOOD,44,s571,rmse,8.954802033453644,571
E2noOOD,44,s571,mae,6.00167598610584,571
E2noOOD,44,s4346,spearman,0.49059239078063543,3969
E2noOOD,44,s4346,pearson,0.45431408268314205,3969
E2noOOD,44,s4346,rmse,7.580243390108476,3969
E2noOOD,44,s4346,mae,4.73351220639118,3969
E2noOOD,44,megascale_test,spearman,0.6682627891165213,28172
E2noOOD,44,megascale_test,pearson,0.6803121756573988,28172
E2noOOD,44,megascale_test,rmse,1.1837681382632315,28172
E2noOOD,44,megascale_test,mae,0.9200223903544533,28172
NOESMDROP,42,s669,spearman,0.43166529732328235,669
NOESMDROP,42,s669,pearson,0.4139647962097791,669
NOESMDROP,42,s669,rmse,1.5575620201483567,669
NOESMDROP,42,s669,mae,1.0935184395661848,669
NOESMDROP,42,s461,spearman,0.6415357895156334,461
NOESMDROP,42,s461,pearson,0.6297788980848361,461
NOESMDROP,42,s461,rmse,1.0368397407666219,461
NOESMDROP,42,s461,mae,0.7579841587506638,461
NOESMDROP,42,s783,spearman,0.6413970298901801,783
NOESMDROP,42,s783,pearson,0.6253758948712446,783
NOESMDROP,42,s783,rmse,1.572800669211012,783
NOESMDROP,42,s783,mae,1.0918081594514513,783
NOESMDROP,42,s2648,spearman,0.5439824946355999,2648
NOESMDROP,42,s2648,pearson,0.5309986431800171,2648
NOESMDROP,42,s2648,rmse,1.3225360961843713,2648
NOESMDROP,42,s2648,mae,0.9749718003911937,2648
NOESMDROP,42,s8754,spearman,0.5482192658820869,8228
NOESMDROP,42,s8754,pearson,0.49832325054255805,8228
NOESMDROP,42,s8754,rmse,1.7570329791949215,8228
NOESMDROP,42,s8754,mae,1.1627991810889757,8228
NOESMDROP,42,ssym_direct,spearman,0.48783054604031695,342
NOESMDROP,42,ssym_direct,pearson,0.47121176266497217,342
NOESMDROP,42,ssym_direct,rmse,1.4016915682306121,342
NOESMDROP,42,ssym_direct,mae,0.9889336466702104,342
NOESMDROP,42,ssym_inverse,spearman,0.2990872876557205,342
NOESMDROP,42,ssym_inverse,pearson,0.29214917275121566,342
NOESMDROP,42,ssym_inverse,rmse,1.7776512858539708,342
NOESMDROP,42,ssym_inverse,mae,1.2652733006258632,342
NOESMDROP,42,s571,spearman,0.3870874428177925,571
NOESMDROP,42,s571,pearson,0.3631175804425671,571
NOESMDROP,42,s571,rmse,8.96350129573427,571
NOESMDROP,42,s571,mae,5.971295314535968,571
NOESMDROP,42,s4346,spearman,0.476539012970203,3969
NOESMDROP,42,s4346,pearson,0.4358592224998586,3969
NOESMDROP,42,s4346,rmse,7.664305843248092,3969
NOESMDROP,42,s4346,mae,4.7471795067116975,3969
NOESMDROP,42,megascale_test,spearman,0.6599468801423969,28172
NOESMDROP,42,megascale_test,pearson,0.6694119188664961,28172
NOESMDROP,42,megascale_test,rmse,0.9835801256939822,28172
NOESMDROP,42,megascale_test,mae,0.7519229868982358,28172
NOESMDROP,43,s669,spearman,0.42925054077231706,669
NOESMDROP,43,s669,pearson,0.4029294825208439,669
NOESMDROP,43,s669,rmse,1.5986714132931126,669
NOESMDROP,43,s669,mae,1.1392562713930647,669
NOESMDROP,43,s461,spearman,0.6173891335184133,461
NOESMDROP,43,s461,pearson,0.6028492177463471,461
NOESMDROP,43,s461,rmse,1.0906221681026582,461
NOESMDROP,43,s461,mae,0.8190693333578334,461
NOESMDROP,43,s783,spearman,0.605925753527056,783
NOESMDROP,43,s783,pearson,0.6077082000229266,783
NOESMDROP,43,s783,rmse,1.6019293053698667,783
NOESMDROP,43,s783,mae,1.1477344170650456,783
NOESMDROP,43,s2648,spearman,0.5580224218073234,2648
NOESMDROP,43,s2648,pearson,0.5428187353632495,2648
NOESMDROP,43,s2648,rmse,1.3333691810199533,2648
NOESMDROP,43,s2648,mae,0.9834035400510835,2648
NOESMDROP,43,s8754,spearman,0.5474685180539726,8228
NOESMDROP,43,s8754,pearson,0.49899087869952835,8228
NOESMDROP,43,s8754,rmse,1.7736892555474415,8228
NOESMDROP,43,s8754,mae,1.193720174720539,8228
NOESMDROP,43,ssym_direct,spearman,0.4594044092637999,342
NOESMDROP,43,ssym_direct,pearson,0.45264948446584113,342
NOESMDROP,43,ssym_direct,rmse,1.4497966826232913,342
NOESMDROP,43,ssym_direct,mae,0.9996616111098848,342
NOESMDROP,43,ssym_inverse,spearman,0.30797104619353205,342
NOESMDROP,43,ssym_inverse,pearson,0.3510504153399067,342
NOESMDROP,43,ssym_inverse,rmse,1.8274486934903706,342
NOESMDROP,43,ssym_inverse,mae,1.3245841757944452,342
NOESMDROP,43,s571,spearman,0.3747080210594183,571
NOESMDROP,43,s571,pearson,0.34989062519145653,571
NOESMDROP,43,s571,rmse,8.952746739018968,571
NOESMDROP,43,s571,mae,5.955363131048331,571
NOESMDROP,43,s4346,spearman,0.4718877530893216,3969
NOESMDROP,43,s4346,pearson,0.4449933149919259,3969
NOESMDROP,43,s4346,rmse,7.621460304978039,3969
NOESMDROP,43,s4346,mae,4.746184877223908,3969
NOESMDROP,43,megascale_test,spearman,0.6589164279826043,28172
NOESMDROP,43,megascale_test,pearson,0.6724466418795969,28172
NOESMDROP,43,megascale_test,rmse,1.04856018432408,28172
NOESMDROP,43,megascale_test,mae,0.8074191543578286,28172
